﻿<?xml version="1.0" encoding="UTF-8" standalone="yes"?>
<addon id="plugin.video.cinema-hd.ru.a" name="Cinema-hd.ru.a" version="0.0.3" provider-name="kit500">
  <requires>
    <import addon="xbmc.python" version="2.1.0" />
    <import addon="script.module.beautifulsoup4"/>
  </requires>
  <extension point="xbmc.python.pluginsource" provides="video" library="default.py">
    <provides>video</provides>
  </extension>
  <extension point="xbmc.addon.metadata">
    <summary>Cinema-hd.ru</summary>
    <description>Онлайн кинотеатр Cinema-hd.ru.</description>
    <platform>all</platform>
  </extension>
</addon>

