<?xml version="1.0" encoding="UTF-8" standalone="yes"?>
<addon id="plugin.video.filmix.net"
       name="Filmix.net"
       version="5.1"
       provider-name="Tolin-OceanRace">
  <requires>
    <import addon="xbmc.python" version="1.0"/>
  </requires>
  <extension point="xbmc.python.pluginsource"
             provides="video"
             library="default.py">
    <provides>video</provides>
  </extension>
  <extension point="xbmc.addon.metadata">
    <summary>Фильмы онлайн</summary>
    <description>Фильмы онлайн</description>
    <platform>all</platform>
  </extension>
</addon>
